{
    "train_loss": [
        0.672885005402565,
        0.5206455758571624,
        0.40180058405995367,
        0.2826598178714514,
        0.19438573850095273,
        0.13684331476613878,
        0.10086022174321115,
        0.08109147647619247,
        0.06837757391184568,
        0.06012642966322601
    ],
    "train_acc": [
        0.7306922769107643,
        0.7932172869147659,
        0.844437775110044,
        0.8990596238495399,
        0.933173269307723,
        0.9548819527811124,
        0.9663865546218487,
        0.9732893157262905,
        0.9781912765106042,
        0.9807923169267707
    ],
    "val_loss": [
        0.6100354866617045,
        0.6259919690193644,
        0.6924213226054124,
        0.8663999512317074,
        0.9961404063899046,
        1.0779237876272505,
        1.2106238318856355,
        1.2879447793220258,
        1.30093734551319,
        1.338039534344415
    ],
    "val_acc": [
        0.7651060424169668,
        0.7647058823529411,
        0.7414965986394558,
        0.7438975590236094,
        0.7458983593437375,
        0.720688275310124,
        0.737094837935174,
        0.723889555822329,
        0.7418967587034814,
        0.7358943577430972
    ]
}