{
    "train_loss": [
        1.210306939125061,
        0.9930820963859558,
        0.8270333242893219,
        0.6444276210069656,
        0.4753163454413414,
        0.34815958777070044,
        0.27158313652575017,
        0.21684726781249047,
        0.18512025065273047,
        0.16418816235810518
    ],
    "train_acc": [
        0.4644857943177271,
        0.5735294117647058,
        0.6664665866346539,
        0.7480992396958783,
        0.8215286114445778,
        0.8748499399759904,
        0.9029611844737895,
        0.922468987595038,
        0.9309723889555822,
        0.9424769907963185
    ],
    "val_loss": [
        1.0996719370981691,
        1.0733624057025666,
        1.1543378292754958,
        1.298637789146156,
        1.5213691193586703,
        1.748589458928746,
        1.8968713606239125,
        2.024619569824,
        2.1383706517280285,
        2.165860556113492
    ],
    "val_acc": [
        0.5234093637454982,
        0.5406162464985994,
        0.5286114445778312,
        0.5242096838735494,
        0.5250100040016007,
        0.5150060024009604,
        0.5078031212484994,
        0.5098039215686274,
        0.5094037615046019,
        0.5070028011204482
    ]
}